Task #	File #	Run #	Result code	Return value	CPUTime	WCTime	Memory	binary_propagations	conflicts	decisions	del_clause	dyn-subsumption-resolution	elim-blocked-clauses	elim-bool-vars	elim-clauses	elim-literals	eliminated-applications	eliminated-vars	gc-clause	max-memory	memory	minimized-lits	mk-binary-clause	mk-bool-var	mk-clause	mk-ternary-clause	num-allocs	probing-assigned	propagations	restarts	rlimit-count	subsumed	subsumption-resolution	ternary-propagations	time	total-time
0	0	0	INFRASTRUCTURE_ERROR	1	0	0	0	0	0	0	0	0	0	0	0	0	0	0	0	0	0	0	0	0	0	0	0	0	0	0	0	0	0	0	0	0
EXCEPTION: Index was outside the bounds of the array.
Stacktrace:    at cz3_admin.Program.CollectDataSt() in D:\Source\Repos\work\CZ3\CloudService\cz3-admin\Program.cs:line 614
   at cz3_admin.Program.Main(String[] args) in D:\Source\Repos\work\CZ3\CloudService\cz3-admin\Program.cs:line 840
